testo,id,pubdate
Hermione che scaglia l‚Äô Oblivion contro i suoi genitori √® la scena pi√π toccante di tutti gli 8 film #harrypottereidonidellamorte,1247242695027961858,21:20:05
"Giuro , sto benissimo #HarryPotter #harrypottereidonidellamorte pictwittercom/Xcmv5XJkDA",1247242836363313156,21:20:39
Il coraggio di Hermione nel fare quello che ha fatto ‚ù§ #HarryPotter #harrypottereidonidellamorte,1247242877744435201,21:20:49
L‚Äô oblivion di Hermione √® e sar√† sempre una delle scene pi√π tristi #harrypottereidonidellamorte,1247242896606146560,21:20:53
"quanto amo questo film non potete capire , uno dei migliori and that' s it #harrypottereidonidellamorte #HarryPotter",1247243221492736006,21:22:11
Che tristezza che abbiano eliminato la scena dove Dudley dice a Harry che non √® uno spreco di spazio #HarryPotter #harrypottereidonidellamorte pictwittercom/dkQdXYvtNz,1247243236889985025,21:22:14
"Per quanto mi riguarda la maratona di #HarryPotter pu√≤ benissimo ricominciare la prossima settimana , non posso accettare che √® l' ultimo luned√¨ ! ! #harrypottereidonidellamorte",1247243933144539136,21:25:00
Helena Bonham Carter sempre impeccabile in ogni film che fa #harrypottereidonidellamorte #HarryPotter pictwittercom/jlwphlUTM1,1247244144738799618,21:25:51
"#harrypottereidonidellamorte #HarryPotter Ma la vedete la faccia di Piton piccino , √® logorato nell' anima",1247244237302890497,21:26:13
hermione fa dimenticare ai suoi genitori l‚Äô unica figlia che hanno avuto per proteggerli Questa scena stra coraggiosa √® troppo sottovalutata secondo me #harrypottereidonidellamorte,1247244256093372416,21:26:17
il dolore nel volto di draco non ce la posso fare #HarryPotter #harrypottereidonidellamorte,1247244501862711297,21:27:16
"Comunque io ho una lucina accesa perch√© sto film me mette ansia , come tutti gli Harry Potter dal calice di fuoco in poi #harrypottereidonidellamorte",1247244841509101568,21:28:37
"Che poi c' √® un errore :  prima racconta di aver cambiato la memoria ai suoi , poi afferma pi√π avanti di non aver mai fatto un incantesimo di memoria e non √® sicura di riuscirci #HarryPotter #harrypottereidonidellamorte",1247244840502509568,21:28:37
Mi dispiace per Remus e Tonks #harrypottereidonidellamorte #HarryPotter,1247245197098049542,21:30:02
Qui Ron bono ma di un bono #harrypottereidonidellamorte,1247245535997825024,21:31:23
La visione di Hermione che si trasforma in #HarryPotter dovrebbe essere vietata dalla corte dei diritti dell‚Äô uomo #harrypottereidonidellamorte #HarryPotter,1247245851224879105,21:32:38
La morte di Edvige fa male al cuore comunque #harrypottereidonidellamorte,1247246038303457285,21:33:22
Vincenzo De Luca non sarebbe contento di vedervi bere la pozione polisucco dalla stessa boccetta #harrypottereidonidellamorte,1247246135934308365,21:33:46
Questo film mi mette un' ansia spietata #harrypottereidonidellamorte,1247246210597105675,21:34:03
Edvige Nooo #harrypottereidonidellamorte pictwittercom/OsGosktsjK,1247246268335902722,21:34:17
√à il momento pi√π triste #harrypottereidonidellamorte,1247246454755917824,21:35:02
"Edvige miglior personaggio di tutta la saga comunque , non ha esitato mezzo secondo a proteggere Harry piango #harrypottereidonidellamorte",1247246461802352641,21:35:03
#harrypottereidonidellamorte io gi√† piango,1247246560678883333,21:35:27
"Rendiamoci conto che gli Harry ‚Äú finti‚Äù  rischiano tantissimo , molto pi√π del vero Harry Se Voldemort scagliasse contro uno di loro l‚Äô avada kedavra , non ci sarebbe prior incantatio che regga , creperebbero all‚Äô istante Coraggio , amicizia e lealt√† #harrypottereidonidellamorte",1247246600881287174,21:35:37
La morte di Edvige una di quelle cose che non perdoner√≤ mai alla Rowling #harrypottereidonidellamorte,1247246699573248005,21:36:00
Sto film √® stupendo comunque #harrypottereidonidellamorte,1247246716904103936,21:36:04
#harrypottereidonidellamorte #HarryPotter CAZZO MA EDVIGE √à UN COLPO DURO,1247246881194938370,21:36:43
"Kingsley :  che cosa ti ha tradito ?  Harry :  Edvige ! No cavolo , no ! Lupin si incazza di brutto con Harry perch√© , per l‚Äô ennesima volta , ha usato Experlliarmus I mangiamorte ormai sanno che √® la sua firma #HarryPotter #harrypottereidonidellamorte",1247247085197557761,21:37:32
"#harrypottereidonidellamorte #HarryPotter No ragazzi , stanno arrivando tutti e io non riesco a non piangere",1247247170866237440,21:37:52
"Ragazzi io questo film non l' ho mai visto per intero , ho sempre la vista appannata #HarryPotter #harrypottereidonidellamorte",1247247347224055810,21:38:34
Arrivano Tonks e Ron Hermione guarda Lupin poi corre da Ron mentre Tonks corre da Remus  Una scena che amo tantissimo‚ô•Ô∏è #harrypottereidonidellamorte,1247247386801573888,21:38:44
Non ve lo perdono l' assassinio di Edvige Non l' ho fatto nel 2007 e non lo faccio adesso  #HarryPotter #harrypottereidonidellamorte,1247247620051021824,21:39:40
Il mio cuore ha fatto crack  #HarryPotter #harrypottereidonidellamorte pictwittercom/MS6jwb7Dg1,1247247646961664003,21:39:46
Ditemi voi se √® normale iniziare a piangere gi√† dall' inizio PORCA MISERIA SONO PASSATI SOLO DIECI MINUTI E GI√Ä SUCCEDE IL BORDELLO VAFFANCULO #HarryPotter #harrypottereidonidellamorte pictwittercom/HCF3Azrpol,1247247674526650368,21:39:53
IO AMO I GEMELLI WEASLEY LI AMO CON TUTTO IL MIO CUORE √à LO FAR√í A VITA ‚ù§Ô∏è #HarryPotter #harrypottereidonidellamorte pictwittercom/rArTZX4GOd,1247247762665676801,21:40:14
I miei gemelli preferiti ‚ù§Ô∏è‚ù§Ô∏è #HarryPotter #harrypottereidonidellamorte pictwittercom/FaVBgNRqgJ,1247247895046295552,21:40:45
Che fastidio che mi d√† Harry #harrypottereidonidellamorte,1247247933352882176,21:40:54
Ma √® possibile che √® iniziato da dieci minuti e ho gi√† pianto 20 volte ? ? #HarryPotter #harrypottereidonidellamorte,1247248154438832128,21:41:47
questa amicizia ‚ù§Ô∏è #harrypottereidonidellamorte #harrypotter pictwittercom/uTtmYPry0n,1247248461134794752,21:43:00
"Cmq Harry Potter mi √® sempre stato sulle balle eh io bimba di Neville , Luna e Lupin ‚ù§#harrypottereidonidellamorte",1247249632566140931,21:47:39
no oddio quella scena con Ginny √® tipo imbarazzante a mio parere hshd #harrypottereidonidellamorte,1247249774895562758,21:48:13
HO SEMPRE ODIATO LA COPPIA GINNY HARRY #harrypottereidonidellamorte,1247249908152832000,21:48:45
Alan Rickman e Ralph Fiennes ci hanno regalato delle interpretazioni magistrali come Piton e Voldemort ma i complimenti vanno fatti anche ai loro doppiatori che hanno fatto un lavoro sensazionale #harrypottereidonidellamorte,1247250077984448512,21:49:26
Questi organizzano una festa durante la guerra definitiva ma sono scemi ? Come quelli che fanno i festini con il coronavirus #harrypottereidonidellamorte,1247250652478275587,21:51:43
Ron Weasley ti voglio troppo bene #harrypottereidonidellamorte,1247250664293568513,21:51:45
"ha letteralmente uno spazzolino nell‚Äô orecchio George Weasley , possiedi il mio cuore #HarryPotter #harrypottereidonidellamorte pictwittercom/ulu73Hk4mu",1247250699299233792,21:51:54
Ministro della Magia √® un ‚Äú p√≥ Conte‚Äù  ? #HarryPotter #harrypottereidonidellamorte pictwittercom/EMub2a9eO7,1247250818883096578,21:52:22
L‚Äô infinito bene e la fiducia che silente aveva in questi ragazzi mi commuovono sempre #harrypottereidonidellamorte pictwittercom/O0J5SFf33G,1247250920729194497,21:52:46
Io non dimentico che avete tagliato la scena in cui Hermione rivede Krum Non dimentico #harrypottereidonidellamorte,1247251054758187010,21:53:18
Luna ed il padre ‚ù§ #harrypottereidonidellamorte,1247251183397453826,21:53:49
L' abito da sposa di Fleur Delacour √® uno dei costumi pi√π belli dell' intera saga #HarryPotter #harrypottereidonidellamorte,1247251449987371008,21:54:53
Io vorrei solo dire che nel libro Grindelwald √® importantissimo e qua lo citano s√¨ e no una volta #harrypotter #harrypottereidonidellamorte pictwittercom/r5XSDpUdLO,1247252501256077313,21:59:03
"questo √® decisamente un dei film pi√π strazianti , ci sono troppi momenti che ti spezzano il cuore #harrypottereidonidellamorte",1247252533262929926,21:59:11
OK QUI LO DICO QUI LO CONFERMO ! HERMIONE SEI MERAVIGLIOSA +++++++++++++++++++++++ #harrypottereidonidellamorte pictwittercom/p7KVdaDNL3,1247252765090500615,22:00:06
l‚Äô espressione di hermione mi uccide perch√© sono sicura che in quel momento il suo pensiero sono stati i suoi genitori e l‚Äô avergli cancellato la memoria per non farli soffrire #harrypottereidonidellamorte,1247252970779152387,22:00:55
#harrypottereidonidellamorte No raga la camera di Sirius Che sofferenza Aiuto raga Sto piangendo,1247253681273274370,22:03:45
Comunque gli anni passano ma io continuo sempre a piangere per ogni film dal cinque in avanti #harrypottereidonidellamorte,1247254411728039939,22:06:39
Mamma mia Neville #harrypottereidonidellamorte,1247254463846506496,22:06:51
Neville cuore mio ‚ù£Ô∏è #harrypottereidonidellamorte,1247254555441717253,22:07:13
Possiamo elogiare l‚Äô evoluzione di Neville ? #harrypottereidonidellamorte,1247254603915235328,22:07:25
"Neville (nel frattempo diventato quasi gnocco) che dice ai Mangiamorte ‚Äú Ehi , sfigati‚Äù  VOLOOO ‚úàÔ∏è‚úàÔ∏è‚úàÔ∏è #HarryPotter #harrypottereidonidellamorte pictwittercom/A4TQIS6Gz5",1247254638367301632,22:07:33
Persino mia mamma conosce e odia la Umbridge #harrypottereidonidellamorte #HarryPotter,1247254855992909824,22:08:25
"Neville il primo anno :  non riesce nemmeno a dire mezza parola a Draco  Sempre lui anni dopo ai MANGIAMORTE :  ""  Hey sfigati , NON √à QUI ""  NEVILLE PACIOCK TU SEI IL MIO ORGOGLIO #harrypottereidonidellamorte #HarryPotter",1247254891208364037,22:08:33
"Un altro grande personaggio , Neville Sono tutti scritti talmente bene che √® come se fossero reali Come se li avessi conosciuti #harrypottereidonidellamorte",1247254910472765447,22:08:38
"Questa scena non √® presente nei libri , ma √® una delle mie preferite :  Ron che guarda Hermione mentre suona #harrypottereidonidellamorte",1247254995315101696,22:08:58
DOBBY VITA MIA #harrypottereidonidellamorte,1247255024436162562,22:09:05
Che bello Kreacher che si trasforma in una bella persona #HarryPotter #harrypottereidonidellamorte,1247255349641523200,22:10:22
Ma quanto mi gusta Harry in sto film √® indescrivibile #harrypottereidonidellamorte,1247255526708297734,22:11:05
non so voi ma per me il principe mezzo sangue e la prima parte di #harrypottereidonidellamorte sono i due film pi√π tristi della saga,1247255555426717696,22:11:11
Ron sei sempre stato pi√π bono di Harry non ti meritano #harrypottereidonidellamorte,1247255599097798656,22:11:22
MADONNA STA SCENA DELLA POLISUCCO SEMPRE AMATA ADRENALINA PURA #harrypottereidonidellamorte,1247255658380111872,22:11:36
Per√≤ raga quanto √® bello il Ministero mamma mia #harrypottereidonidellamorte,1247256043471724544,22:13:08
Ma io la Umbridge pensavo fosse morta dai centauri uuuff che palo in culo questa #harrypottereidonidellamorte,1247256988112879629,22:16:53
UMBRIDGE MUORI UMBRIDGE CREPA UMBRIDGE BASTARDA UMBRIDGE INFAME SPARATE ALLA UMBRIDGE #harrypottereidonidellamorte,1247257118744416261,22:17:24
Tutta questa pubblicit√† √® imperdonabile #harrypottereidonidellamorte pictwittercom/5CDPbtBxzx,1247257228752695296,22:17:50
Pubblicit√† hai rotto er c√† #harrypottereidonidellamorte,1247257652951990272,22:19:32
i doni della morte √® un flirt continuo tra Ron e Hermione madonna sono talmente splendidi #harrypottereidonidellamorte,1247257748720541696,22:19:54
La morte di Tonks e Lupin non riesco proprio ad accettarlo Rowling sei stata davvero una brutta persona ! ! ! povero Teddy ! #harrypottereidonidellamorte,1247258802208100352,22:24:06
"Ron che si preoccupa di sua ""  moglie ""  mi fa sempre morire #harrypottereidonidellamorte",1247258838157443075,22:24:14
"io di pensieri cattivi , brutti e dei quali mi vergogno molto come quelli che ho fatto sulla umbridge non ne mai pi√π fatti #harrypottereidonidellamorte",1247259581497122826,22:27:11
Non ce la faccio proprio a sopportare la Umbridge #HarryPotter #harrypottereidonidellamorte,1247259658361942023,22:27:30
"Queste scene al Ministero con relativa fuga del Golden Trio sono da brividi , trovo tutto PAZZESCO #harrypottereidonidellamorte pictwittercom/z0CLJnmjhF",1247260045357780997,22:29:02
Ma Harry quanto adora Stupeficium ? Qua ci voleva un bell‚Äô Avada Kedavrabper la Umbridge (ok si √® immorale) #harrypottereidonidellamorte pictwittercom/Dy50nwceHg,1247260067893858306,22:29:07
Ministero della Magia Livello di sicurezza presunto :  Pentagono Livello di sicurezza effettivo :  Cancello del campetto di calcio della chiesa scavalcato senza ritegno NO MA OK #HarryPotter #harrypottereidonidellamorte pictwittercom/FFDBwkzX0h,1247260223527665666,22:29:44
Ron cos√¨ agonizzante mi uccide piccolino #harrypottereidonidellamorte,1247260581444411392,22:31:10
Aaaah riesco a sentire il doloreee #HarryPotter #harrypottereidonidellamorte,1247260614747185153,22:31:18
Un‚Äô amore come quello tra Hermione e Ron ce lo meritiamo tutti #harrypottereidonidellamorte,1247260844758630400,22:32:13
Ovviamente ringraziamo sempre Hermione #harrypottereidonidellamorte #harrypotter,1247260952782921728,22:32:38
Mad√≥ Harry anche i sassi sono pi√π svegli di te #HarryPotter #harrypottereidonidellamorte,1247261072157016069,22:33:07
anni e anni di insegnamento di formule e movimenti precisi e questi lanciano incantesimi senza dire nulla e muovendo a caso il braccio #harrypottereidonidellamorte,1247261831250563076,22:36:08
"Harry che si incazza con Hermione perch√© ""  non stai facendo abbastanza ""  MA RINGRAZIA CHE TI √à VENUTA APPRESSO FRAT√à SENN√í A QUEST' ORA SAI CHE FINE AVEVI FATTO #harrypottereidonidellamorte pictwittercom/j4BVPnXCbO",1247262145735262208,22:37:23
in questo senso il concetto di horcrux √® in parte mutuato da quello dell' anello del signore degli anelli :  influenza il portatore ed √® indissolubilmente legato al suo padrone originario #harrypottereidonidellamorte,1247262536539521034,22:38:56
"Ron √® sempre e comunque il personaggio pi√π umano di tutti , nei pregi ma soprattutto nei difetti #harrypottereidonidellamorte #HarryPotter",1247262844510449666,22:40:09
"Queste scene dove leggono i nomi delle persone morte alla radio mi sta colpendo particolarmente , mi ricorda troppo il bollettino delle 18 e niente #harrypottereidonidellamorte",1247262981920043008,22:40:42
"Per come sta andando il 2020 , domani sera vince Voldemort #HarryPotter #harrypottereidonidellamorte",1247263124568276993,22:41:16
Che posti bellissimi che hanno scelto per girare questi due film #HarryPotter #harrypottereidonidellamorte,1247263180868419591,22:41:30
"Io davvero non capisco , ma perch√© fanno vedere #harrypottereidonidellamorte durante la pubblicit√† ! ? Lasciateci vedere la pubblicit√† in santa pace ! #HarryPotter",1247263300829827073,22:41:58
Raga parliamo di cose serie :  siete team Edward o team Jacob ? #HarryPotter #harrypottereidonidellamorte #twilight,1247263870277890048,22:44:14
"No , non √® solo un‚Äô impressione , stai piangendo davvero #harrypottereidonidellamorte pictwittercom/dkVqILg3tr",1247264940949475328,22:48:29
Io non psicologicamente pronta per Dobby #harrypottereidonidellamorte,1247265344315699201,22:50:05
Questa parte mi spezza il cuore madonna mia #harrypottereidonidellamorte,1247265857262272512,22:52:08
"Io comunque non ce la far√≤ mai ad avercela Ron , √® pi√π forte di me , neanche per questo momento #harrypottereidonidellamorte #HarryPotter",1247265964821041153,22:52:33
"Con visibilmente scosso e non sa quel che dice , non se ne rende conto , vederlo cos√¨ fa male #HarryPotter #harrypottereidonidellamorte",1247266028222111745,22:52:48
Qualcuno qui sta piangendo #harrypottereidonidellamorte,1247266191338614785,22:53:27
"ROOOON siamo gi√† in mezzo alla merda , perch√© ti ci devi mettere anche tu a rompere i co***oni ? ! #harrypotter #HarryPotter #harrypottereidonidellamorte pictwittercom/sGRrPDKhAs",1247266399606714369,22:54:17
Amo la loro amicizia #harrypottereidonidellamorte #HarryPotter pictwittercom/2EdcctZiFY,1247266692062949376,22:55:27
Quanto √® bella sta parte #HarryPotter #harrypottereidonidellamorte,1247266820140269569,22:55:57
Questa scena tra Harry ed Hermione non √® nel libro ma io la trovo meravigliosa #harrypottereidonidellamorte,1247266852625158147,22:56:05
Harry e Hermione a Ballando con le stelle per una notte #harrypottereidonidellamorte,1247266901547499522,22:56:17
per√≤ oh a me sto ballo piace mostra la loro naturalezza e la forte amicizia che li lega #harrypottereidonidellamorte,1247266967465209856,22:56:32
Una delle poche scene aggiunte da Yates che mi piace tanto Il ballo tra Harry e Hermione Ron √© andato via Devono cercare gli altri horcrux Per un momento pensano ad altro #HarryPotter #harrypottereidonidellamorte,1247266985538445313,22:56:37
Stesa ko üíî#harrypottereidonidellamorte,1247266986813505536,22:56:37
Io amo un sacco l‚Äô amicizia tra Harry ed Hermione #harrypottereidonidellamorte,1247267014336446471,22:56:43
QUESTA SCENAAAA DOVE HARRY ED HERMIONE BALLANO ... MADONNA QUANTO AMO LA LORO AMICIZIA PIANGO #harrypottereidonidellamorte,1247267014940524546,22:56:44
"questa scena mi √® sempre piaciuta , nonostante non sia nei libri , fa capire come Harry ci sia sempre stato per Hermione e viceversa sono due amici tristi , afflitti , addolorati , spaventati e cercano di farsi forza fra loro #harrypottereidonidellamorte",1247267040014020608,22:56:50
"Non so voi , ma dopo tanti anni non ho ancora imparato a non piangere davanti a queste scene #harrypottereidonidellamorte pictwittercom/j8D6OPNWam",1247267079994122241,22:56:59
L‚Äô amicizia tra Harry e Hermione √® qualcosa di unico ‚ù§Ô∏è #harrypottereidonidellamorte #HarryPotter #hermione,1247267086545584128,22:57:01
l‚Äô amicizia tra harry e hermione mi fa proprio piangere #HarryPotter #harrypottereidonidellamorte,1247267092623233024,22:57:02
quella di Harry e Hermione che ballano √® una delle scene pi√π belle della saga cinematografica and nothing can change my mind #harrypottereidonidellamorte,1247267102311972869,22:57:04
"Ma possiamo parlare di Ron versione eroinomane ? Perch√® non so voi,ma lo trovo pi√π inquietante di Voldy #harrypottereidonidellamorte",1247267184432332804,22:57:24
All‚Äô alba del settimo film finalmente Harry √® riuscito a capirci qualcosa Forse #harrypottereidonidellamorte,1247267392725581828,22:58:14
Comunque io che ho un rapporto orrendo col conflitto sto malissimo quando Harry Ron e Hermione litigano per piacere fate pace #harrypottereidonidellamorte pictwittercom/dCRGCxDMvE,1247267713891864576,22:59:30
Hermione come parrucchiera ai tempi del covid19 #HarryPotter #harrypottereidonidellamorte,1247267757856559105,22:59:41
Quanto minchia pianger√≤ con Harry sulla tomba di James e Lily ? Sono aperte le scommesse #harrypottereidonidellamorte pictwittercom/h4ckDa3OYc,1247267858754736129,23:00:05
L‚Äô amicizia pura e sincera tra hermione e harry una delle cose pi√π belle di tutti i film #harrypottereidonidellamorte pictwittercom/UDg3uMjB7n,1247268105040035848,23:01:04
"harry ed hermione con semplici gesti dimostrano che non saranno mai soli e che ci saranno sempre l' uno per l' altra , piango un po'  #HarryPotter #harrypottereidonidellamorte pictwittercom/PxCWRydPid",1247268127685083136,23:01:09
"quanto cazzo fanno paura ste scene con la ""  vecchia ""  #harrypottereidonidellamorte",1247268672080658433,23:03:19
Ma come cazzo fate a fidarvi di una vecchia con quella faccia #harrypottereidonidellamorte,1247268688438235136,23:03:23
Mi ricordo ancora quando al cinema mi sono messa ad urlare per lo spavento quando √® comparsa Nagini all' improvviso #HarryPotter #harrypottereidonidellamorte,1247269105972973568,23:05:02
SERPENTACCIO MALEDETTO TI ODIO #harrypottereidonidellamorte,1247269349427159041,23:06:00
CHE CAZZO DI PAURA ho visto sta scena al cinema e mi ha traumatizzata a vita #harrypottereidonidellamorte,1247269374228119552,23:06:06
Questa trasformazione mi ha sempre fatto impressione üò± #Harrypotter #harrypottereidonidellamorte pictwittercom/VnyBIHSsVE,1247269565186392064,23:06:52
"Ma meno male che c' √® un po'  di film in mezzo a tutta questa pubblicit√† , altrimenti sarebbe proprio insostenibile #italia1 #harrypottereidonidellamorte",1247270694129471488,23:11:21
Uno dei film pi√π tristi della saga #harrypottereidonidellamorte,1247270725335101441,23:11:28
Qui per offrirvi gratuitamente le pagine dedicate al ritorno di Ron Spero le trattiate bene e riusciate cos√¨ a comprendere le fragilit√† e le paure di ragazzo di diciassette anni Provate a empatizzare col personaggio e non odiarlo per un errore #harrypottereidonidellamorte pictwittercom/dB58d2vABf,1247270890922016770,23:12:08
Non si parla abbastanza della bravura di Daniel #HarryPotter #harrypottereidonidellamorte pictwittercom/a4JwuszlG4,1247271370821640192,23:14:02
QUEL CERVO QUEL DANNATO CERVO LACRIMO #HarryPotter #harrypottereidonidellamorte pictwittercom/o91XH8txcd,1247271652494323722,23:15:09
#harrypottereidonidellamorte Daniel Radcliffe qui ormai pare avere 37 anni,1247272100148191235,23:16:56
La vera fortuna di Harry √® che ha degli amici spettacolari #HarryPotter #harrypottereidonidellamorte,1247272324958748678,23:17:50
"Meno 80 gradi , immerso in un cazzo di lago ghiacciato , anni in una scuola di magia e non sai fare un cazzo di incantesimo di protezione o riscaldamento MA DICO IO #harrypottereidonidellamorte",1247272609974190081,23:18:58
Povera Hermione #harrypottereidonidellamorte,1247272926820392967,23:20:13
Ron √® uno dei personaggi pi√π umani di harry potter davvero #harrypottereidonidellamorte,1247273092596011012,23:20:53
Lo sapete che nel girare il bacio tra Harry e Hermione hanno dovuto cacciato Rupert dal set perch√© non la smetteva di ridere ? #HarryPotter #harrypottereidonidellamorte,1247273147226824707,23:21:06
Sta cosa che le tende dentro sono enormi mi destabilizza sempre #harrypottereidonidellamorte #HarryPotter,1247273326663421952,23:21:48
Quando Ron dice ‚Äú Hey‚Äù  a me fa schiantare ogni volta  E la scenata di Hermione ? Che spettacolo #harrypottereidonidellamorte,1247273438684876800,23:22:15
"SEI UN VEROO DEFICENTEE ! ! RONALD WEASLEY ! !  Hermione , non ti ringrazier√≤ mai abbastanza per questo momento epico #HarryPotter #harrypottereidonidellamorte",1247273440748417025,23:22:16
"A me la dichiarazione sulla sfera di luce di Ron mi stende ogni volta , √® una cosa cos√¨ dolce che bo #harrypottereidonidellamorte",1247273861864984579,23:23:56
Non ce l' hai ancora con lui vero ? Io ce l' ho sempre con lui ‚ù§‚ù§ #harrypottereidonidellamorte,1247274521062670337,23:26:33
AAAAAAA la storia dei 3 fratelli finalmente #harrypottereidonidellamorte,1247274569427271682,23:26:45
Ecco che comincia la clip d‚Äô animazione dei doni della morte #harrypottereidonidellamorte #HarryPotter,1247274870720933889,23:27:57
"La scena dove si spiega la storia dei doni della morte √® fatta benissimo , l‚Äô ho amata sul serio #harrypottereidonidellamorte",1247274976484429824,23:28:22
"#harrypottereidonidellamorte #HarryPotter che bella la storia dei tre fratelli , la storia dei doni della morte",1247274987096072193,23:28:24
questa scena √® un capolavoro #harrypottereidonidellamorte,1247275152334872580,23:29:04
Bella bella bella la Storia dei Tre Fratelli in questo film‚ù§ #HarryPotter #HarryPotterEIDoniDellaMorte,1247275364281462785,23:29:54
Ho sempre amato follemente la storia dei tre fratelli #harrypottereidonidellamorte,1247275530405249024,23:30:34
Quanto √® bella l‚Äô illustrazione dei tre doni della morte ? #harrypottereidonidellamorte,1247275625955631111,23:30:57
La storia dei doni della morte √® poesia #harrypottereidonidellamorte,1247275631613743104,23:30:58
la storia pi√π bella √® quella dei doni della morte #harrypottereidonidellamorte,1247275749549191170,23:31:26
Come amo la storia dei tre fratelli raga ! Mi ha sempre presa una marea #HarryPotter #harrypottereidonidellamorte pictwittercom/bPjnkpynVV,1247275798542856193,23:31:38
La storia dei tre fratelli √® uno di quei racconti che dovrebbe essere nei libri di scuola Ha una morale e nonostante sembri vecchia √® pi√π innovativa che mai :  √® la prima storia nella storia #harrypottereidonidellamorte,1247276029380624385,23:32:33
"Nella testa della @jk_rowling c‚Äô √® e c‚Äô √® stato tutto questo , un genio unico #harrypottereidonidellamorte #HarryPotter",1247276072565121026,23:32:43
"‚Äú Poi salut√≤ la morte come una vecchia amica e and√≤ lieto con lei , congedandosi da questa vita da pari a pari ""  sempre i brividi #HarryPotter #harrypottereidonidellamorte pictwittercom/hr51VdU1N7",1247276077216653316,23:32:44
Talmente innamorata della storia dei tre fratelli che mi sono comprata la maglietta #harrypottereidonidellamorte pictwittercom/Klzgimy7nY,1247276627056263169,23:34:55
No rega io non ce la faccio non sono pronta #HarryPotter #harrypottereidonidellamorte,1247278862528061443,23:43:48
Draco che fa finta di non riconoscere Harry ti amo Draco #HarryPotter #harrypottereidonidellamorte,1247279059974983686,23:44:35
La tortura di Hermione a Villa Malfoy non riesco proprio a superarla Le urla di Hermione Ron che soffre da cani nel sentirla urlare e che preferirebbe esserci lui al posto suo Che sofferenza #HarryPotter #harrypottereidonidellamorte,1247279187670577154,23:45:06
Helena Bonham Carter se tu mi calpestassi ti direi grazie #harrypottereidonidellamorte,1247279194310094848,23:45:07
DRACO MALFOY IO TI AMO TI AMO #harrypottereidonidellamorte #harrypottereidonidellamorte,1247279210441383936,23:45:11
ammerda sta andando tutto maleee sta andando tutto maleeee sta andando tutto maleee #HarryPotter #harrypottereidonidellamorte,1247279222651006978,23:45:14
Qui Draco lo riconosce ma non lo dice E voi osate dire che √® cattivo Non aveva scelta Si √® trovato in mezzo a una cosa pi√π grande di lui #harrypottereidonidellamorte,1247279228934139907,23:45:16
Odio Bellatrix #harrypottereidonidellamorte,1247279275079802886,23:45:27
"In realt√† Harry disse di essere uno studente di Serpeverde Il tipo gli chiese dove fosse la loro casa comune , per assicurarsi che dicesse la verit√† Harry gli rispose che era sotto il lago ed √® per questo che la luce √® verde ci tenevo a dirlo #harrypottereidonidellamorte",1247279472459550720,23:46:14
Bellatrix brutta pazza  ! !povera Hermione #harrypottereidonidellamorte #HarryPotter,1247279565497683975,23:46:36
Le urla di Hermione mi fanno uscire pazzo prendete meee lasciate Hermioneee #harrypottereidonidellamorte,1247279568127438855,23:46:37
ECCO L' INFAME DI NUOVO #harrypottereidonidellamorte,1247279610326323200,23:46:47
DOBBY ci sar√† sempre per Harry Potter sto male #harrypottereidonidellamorte,1247279726844149766,23:47:14
Dobbyyyy nooooo #harrypottereidonidellamorte,1247279752370704385,23:47:20
La tortura di Hermione √® un colpo al cuore Sempre #harrypottereidonidellamorte,1247279764152385538,23:47:23
"Nel libro Codaliscia e Harry hanno uno scontro e quando Harry gli ricorda che lui gli ha risparmiato la vita , Codaliscia lo lascia andare e si strangola con la sua mano d' argento per aver avuto un moto di piet√† /e umanit√†/ #HarryPotter #HarryPotterEIDoniDellaMorte pictwittercom/3mIYurCrzC",1247279827901612032,23:47:38
mamma mia quanto odio Minus #harrypottereidonidellamorte,1247279977097281538,23:48:14
"Povero Draco , a me spiace per lui che non ha scelta per via della sua famiglia #harrypottereidonidellamorte #HarryPotter pictwittercom/BaQPeb7jaU",1247279995480952832,23:48:18
ci sono scene brutte ma quella in cui bellatrix tortura hermione √® la peggiore #harrypottereidonidellamorte,1247279998051979264,23:48:19
NON VOGLIO VEDERE NON VOGLIO VEDERE NON VOGLIO VEDERE #HarryPotter #harrypottereidonidellamorte pictwittercom/u93Ux0Li8n,1247280007430443009,23:48:21
"Mi sento male , a tratti malissimo #HarryPotter #harrypottereidonidellamorte pictwittercom/3vPPV6PUmq",1247280011360468993,23:48:22
La sottotrama comica del lampadario evitabile #harrypottereidonidellamorte,1247280389615427592,23:49:52
DOBBY ‚ô°‚ô°‚ô°‚ô° #harrypottereidonidellamorte,1247280389376348160,23:49:52
La scena di Hermione I brividi Tristissima #harrypottereidonidellamorte #HarryPotter,1247280500588322816,23:50:19
#harrypottereidonidellamorte SO GI√Ä CHE DOPO QUESTA SCENA QUESTA PUTTANA DI BELLATRIX UCCIDE DOBBY MA NON CE LA FACCIO NON LO SOPPORTO AIUTOOOOO pictwittercom/1YVPMuOHsM,1247280506649169929,23:50:20
DOBBY MI SI SPEZZA IL CUORE #harrypottereidonidellamorte,1247280672026382347,23:51:00
ora si piange #harrypottereidonidellamorte,1247280701331968006,23:51:07
"Harry :  Dobby no , forza , resisti Noi ti guariremo Hermione avr√† qualcosanella tua borsa Hermione Hermione Hermione , lui sta , AIUTAMI Questa volta lei non pu√≤ fare nulla se non addolorarsi tra le braccia di Ron #HarryPotter #HarryPotterEIDoniDellaMorte #Romione ‚ö°Ô∏è pictwittercom/ywb0mVAS2Q",1247280793279496192,23:51:29
Pianto collettivo tra 3 2 1 #HarryPotter #harrypottereidonidellamorte,1247280839320375296,23:51:40
Rega io non ce la potr√≤ mai fare con la morte di Dobby #harrypottereidonidellamorte,1247280857511006208,23:51:44
NON CE LA FACCIO VI PREGO √à TROPPOOO #HarryPotter #harrypottereidonidellamorte,1247280874292416515,23:51:48
Per la morte di Dobby ho pianto tantissimo Mi √® dispiaciuto un sacco quando ho visto che il suo personaggio non era molto presente nei film #harrypottereidonidellamorte pictwittercom/2QZ56DaoQu,1247280946858078208,23:52:05
NOOOOOOOO DOBBYYYYYYYY #harrypottereidonidellamorte,1247280955250876421,23:52:07
"sto piangendo fiumi di lacrime , non superer√≤ mai la morte di Dobby #harrypottereidonidellamorte",1247281042198638592,23:52:28
Piango e basta  #harrypottereidonidellamorte #HarryPotter,1247281045445267460,23:52:29
"Le prime e ultime parole di Dobby sono state ‚Äú Harry Potter‚Äù  , torno a piangere #harrypottereidonidellamorte",1247281062151143425,23:52:33
Certo che Harry non sa fare niente da solo  #HarryPotter #harrypottereidonidellamorte,1247281113569144833,23:52:45
Piango come una scema ogni volta che vedo la morte di Dobby #harrypottereidonidellamorte,1247281133567578112,23:52:50
il mare dietro Harry e Dobby √® quello formato dalle mie lacrime per tutti quelli che sono morti BASTA JK MI SENTI ? #harrypottereidonidellamorte #HarryPotter,1247281136293818375,23:52:50
Ogni volta piango #harrypottereidonidellamorte #HarryPotter pictwittercom/2jIdG7tun5,1247281143986167810,23:52:52
Questi ultimi due film sono strazianti #harrypottereidonidellamorte pictwittercom/Ngs1liH08N,1247281168229322759,23:52:58
rimarr√† per sempre una delle morti pi√π tristi #harrypottereidonidellamorte pictwittercom/3QcX0Waj6b,1247281184490639360,23:53:02
Addio Dobby Piccolo elfo libero del mio cuore Vai ed insegna agli angeli cos' √® la libert√† e il valore dell' amicizia #HarryPotter #harrypottereidonidellamorte pictwittercom/QNTpTV5e55,1247281188806549505,23:53:03
"Non sto piangendo , ho un catamarano nell' occhio #harrypottereidonidellamorte",1247281230460092421,23:53:13
siamo :  a pezzi #harrypottereidonidellamorte,1247281289054560256,23:53:27
E l' ultimo piantino della serata ce lo siamo fatti Dobby ‚ù§Ô∏è #HarryPotter #harrypottereidonidellamorte,1247281381723553797,23:53:49
*lacrimuccia* Dobby *singhiozzo* nooo *piange istericamente* Ogni fottuta volta √® un colpo al cuore #harrypottereidonidellamorte,1247281413906468864,23:53:57
la morte di Dobby rimarr√† per sempre il mio trauma infantile peggiore #harrypottereidonidellamorte,1247281550871445505,23:54:29
La scena che mi spezza in due il cuore ogni volta #harrypottereidonidellamorte #harrypotter pictwittercom/bjwHxsGcK7,1247281568806289409,23:54:34
LA TOMBA DI SILENTE PRESTO PATRIMONIO DEL MOMA #harrypottereidonidellamorte,1247281667913515008,23:54:57
raga non ero pronta psicologicamente cazz0 sono una fontana #harrypottereidonidellamorte pictwittercom/GomXO1GMmJ,1247281667238174727,23:54:57
come si fa a non piangere per la morte di dobby #harrypottereidonidellamorte,1247281682081816578,23:55:01
mani del cadavere di Silente palesemente fatte con colla vinilica in parti uguali con acqua #harrypottereidonidellamorte,1247281757424148480,23:55:19
la storia dei doni mi √© sempre piaciuta un sacco #harrypottereidonidellamorte,1247275965220376576,23:32:18
"Rendiamoci conto di quanto da Dio sia stato realizzato il racconto dei Tre Fratelli Davvero , credo che non avrebbero potuto fare di meglio ;  una perla peculiare , unica , imprevista Perfetta #harrypottereidonidellamorte pictwittercom/EYBCtqD1pG",1247275718993739788,23:31:19
"il modo in cui ci sono sempre stati l‚Äô una per l‚Äô altro quest‚Äô amicizia √® puro oro , sono cos√¨ preziosi #harrypotter #harrypottereidonidellamorte pictwittercom/jhWvrFlEwE",1247268299966218243,23:01:50
Ho voglia di rivedere tutta la saga dall' inizio  #harrypottereidonidellamorte,1247277800320573441,23:39:35
Inoltre aggiungo che tra Harry Potter e Twilight preferisco di gran lunga Harry Potter Molto pi√π belli film di questa saga #harrypottereidonidellamorte pictwittercom/EBhA0doNYE,1247278006223208454,23:40:24
"Ron :  ‚Äú Sei tu il capo‚Äù  Percepisco un leggero sentore di invidia , mista a s√¨ , astio Con un retrogusto di aggressivit√† Il tutto condito con un pizzico di malcelata ostilit√† RONALD #HarryPotter #harrypottereidonidellamorte pictwittercom/XNN58IzRkn",1247252856744312832,22:00:28
Penultimo appuntamento con la #maratona @HarryPotterFilm Su #italia1 lo scontro finale tra #HarryPotter e #voldemort in #harrypottereidonidellamorte Parte 1 @jk_rowling @MovieMag_ @warnerbros @wizardingworld #Cinema #film #tvtime https : //wwwmoviemagit/harry-potter-doni-morte-parte1-recensione-film/¬†‚Ä¶,1247173735938998273,16:46:04
"Questo √© il film peggiore , il pi√∫ noioso in assoluto , mi auguro che il libro sia migliore e non cosi una palla #harrypottereidonidellamorte",1247263310485094401,22:42:00
Bellissimi i Lovegood #harrypottereidonidellamorte pictwittercom/tv4GI7KmBk,1247251536314609664,21:55:13
Io faccio sempre finta che Ginny nei film non esista #HarryPotter #harrypottereidonidellamorte,1247249867312947206,21:48:35
"Per andare al ministero si passa per il cesso , mi sembra coerente #harrypottereidonidellamorte",1247256237881901056,22:13:54
Che ansiona la parte nel bosco e lo scazzo di Ron #HarryPotter #harrypottereidonidellamorte,1247262409011662848,22:38:25
Mamma mia codsliscia e la simpatia #harrypottereidonidellamorte,1247279660796444673,23:46:59
mi apro alla chiusura NON ESISTE OSSIMORO MIGLIORE #HarryPotter #harrypottereidonidellamorte,1247267502348009475,22:58:40
Dobby seppellito su una duna di Lignano Sabbiadoro mi spezza ogni volta  #HarryPotter #harrypottereidonidellamorte,1247281710489833473,23:55:07
"Codaliscia , sono morti tutti i malandrini dovevi morire anche tu maledetto , strozzato dalla tua stessa mano , io vivevo per questa scena e voi me l' avete tolta WHY #harrypottereidonidellamorte",1247279551153082368,23:46:32
LA STORIA DEI TRE FRATELLI OSCAR COME MIGLIOR CORTO ANIMATO #harrypottereidonidellamorte,1247275265639821313,23:29:31
La storia dei tre fratelli √® veramente spettacolare #harrypottereidonidellamorte,1247275333818232833,23:29:47
Per chi non lo sapesse Ignotus Peverell √® il fratello che ricevette il mantello dell' invisibilit√† dalla Morte Harry √® il suo erede ! #HarryPotter #harrypottereidonidellamorte,1247269121340866565,23:05:06
Qui Ron inizia a dare un po‚Äô  di matto ma noi li perdoniamo amore mio ha avuto un mental breakdown #harrypottereidonidellamorte,1247261334921773063,22:34:09
sto pezzo mi uccide sempre #harrypottereidonidellamorte,1247266144127516678,22:53:16
Sono un fan sfegatato di Libri e Film Ma detto francamente la prima ora del settimo film e meno interessante e pi√π noiosa di un discorso di filologia #harrypottereidonidellamorte,1247268212795899907,23:01:29
Quant‚Äô √® bella Londra ‚ù§Ô∏è #HarryPotter #harrypottereidonidellamorte,1247255892644552712,22:12:32
‚Äú severus ti prego siamo amici‚Äù  fa sempre male #HarryPotter #harrypottereidonidellamorte,1247244357859770368,21:26:42
Comunque togliere il minimo di piet√† che c' √© stato in Peter Minus nell' ultimo libro √® stata una delle cose pi√π tristi da vedere nel film Sarebbe stato bello vedere quel momento di esitazione #harrypottereidonidellamorte,1247253000017653760,22:01:02
Questa scena mi mette i brividi L' urlo di Emma era cos√¨ atroce da aver fatto preoccupare Helena Bonham Carter #HarryPotter #harrypottereidonidellamorte pictwittercom/FST5jwMKVQ,1247279451915853830,23:46:09
Sto pezzente morto di fame di Fletcher non lo sopporto #HarryPotter #harrypottereidonidellamorte,1247255409045450752,22:10:37
quella bastarda ha il medaglione al collo #harrypottereidonidellamorte,1247259373325422593,22:26:22
Amo l‚Äô amicizia he c‚Äô √® tra Hermione ed Harry #harrypottereidonidellamorte,1247266808131960833,22:55:54
"Come ti senti , Georgie ? STO GI√Ä PIANGENDO #HarryPotter #harrypottereidonidellamorte pictwittercom/xkEYrrqSpX",1247247497405308930,21:39:10
"La scena dove Harry ed Hermione ballano √® di una profondit√† inaudita ‚ù§Ô∏è L‚Äô immagine di una vera amicizia uomo-donna , due amici che si vogliono bene sul serio da anni , che dimostra tanto tanto ‚ù§Ô∏è #harrypottereidonidellamorte",1247266929682845696,22:56:23
Questa scena ogni volta mi fa trattenere il respiro #harrypottereidonidellamorte #HarryPotter,1247262480809766912,22:38:43
"Come se non fosse gi√† uno dei personaggi pi√π odiosi della saga , la Umbridge doveva piazzarsi l' occhio di Malocchio sulla porta dell' ufficio per completare l' opera #HarryPotter #harrypottereidonidellamorte",1247257243696926720,22:17:54
Draco pi√π bono del solito stasera #harrypottereidonidellamorte,1247280761247617026,23:51:21
il personaggio pi√π sbagliato e mal costruito della saga √® dolores umbridge e vi spiegher√≤ anche il perch√© :  le persone che amano i gatti non possono essere cattive #harrypottereidonidellamorte,1247256507248513031,22:14:58
"Ditemi quello che volete , ma a me Draco fa tenerezza Si √® trovato in una situazione pi√π grande di lui senza scelta e lo dimostra sempre #harrypottereidonidellamorte",1247244487564427275,21:27:13
Siamo passati da movimenti perfettamente precisi e parole perfettamente sillabate al gioco ‚Äú chi muove pi√π a cazzo la bacchetta puntandola a caso dietro di se vince‚Äù  #harrypottereidonidellamorte,1247277672255885312,23:39:05
"La scena in cui Harry va a vedere la tomba dei suoi genitori mi fa piangere tantissimo , non riesco a smettere di piangereüò≠ #harrypottereidonidellamorte",1247268395558539264,23:02:13
Fun fact :  l' attore che fa Bill √® figlio dell' attore che fa Malocchio e la sua frase preferita √® proprio quella in cui dice che il personaggio del padre √® morto  #HarryPotter #harrypottereidonidellamorte,1247247977049206784,21:41:05
Ho una fitta al cuore ogni volta che vedo Remus #HarryPotter #harrypottereidonidellamorte,1247252149995745280,21:57:40
Sono sempre stata innamorata del modo in cui hanno animato la storia dei Doni della Morte #harrypottereidonidellamorte,1247275934278922241,23:32:10
Piango per la morte di Dobby #dobby #HarryPotter #harrypottereidonidellamorte #italia1,1247280988369100801,23:52:15
Questo √® il momento che preferisco #ilovedraco #HarryPotter #harrypottereidonidellamorte pictwittercom/09fgqi4KLP,1247279054631337984,23:44:34
"Comunque questi sono proprio dei geni , fanno un matrimonio nella famosissima Tana con la presenza di Harry e altri ottomila maghi Poi c' √® un attacco e si meravigliano #HarryPotter #harrypottereidonidellamorte pictwittercom/GxsMlww2hW",1247251489174806534,21:55:02
Tutte le volte che vedo la scena in cui quella pazza furiosa di Bellatrix tortura Hermione mi sale una rabbia sempre pi√π grande  #HarryPotter #harrypottereidonidellamorte,1247279936727121922,23:48:04
A me stra inquieta quella camera di un bambino #harrypottereidonidellamorte,1247269406830407692,23:06:14
Sempre detestato e detester√≤ sempre quell‚Äô  insulso di ronald Di fatto oggi manco la mamma sa che fine ha fatto uu #harrypottereidonidellamorte,1247266092936019973,22:53:04
Comunque #harrypottereidonidellamorte parte 1 √© il mio secondo film preferito subito dopo la pietra filosofale Non vedo l' ora che arrivi stasera,1247115649702342656,12:55:15
Non ce la faccio Hermione torturata mi ammazza che sofferenza #harrypottereidonidellamorte,1247279257010745345,23:45:22
DOVE HO MESSO I FAZZOLETTI ? ACCIO FAZZOLETTI #HarryPotter #harrypottereidonidellamorte,1247268014157967362,23:00:42
"A quel ""  Oblivion ""  ho avuto i brividi Rag√† , ' ste prime scene a me hanno sempre ammazzata Pazzesche #harrypottereidonidellamorte",1247242743941926917,21:20:17
Cio√® raga ma Hermione √® troppo pro ma come fa a sopportare quei due inetti ancora non l' ho capito #harrypottereidonidellamorte #harrypotter,1247261574026399745,22:35:06
quanto √® intelligente hermione CHE DONNA #harrypottereidonidellamorte,1247260765884645377,22:31:54
"Ho sempre amato questa scena Hermione soffre per Ron e Harry , che soffre anche lui anche se ha la faccia di bronzo , si alza e la fa ballare per farla sorridere anche solo un momento L' amicizia tra uomo e donna esiste e pu√≤ essere meravigliosa #harrypottereidonidellamorte pictwittercom/1ai030vJTm",1247267832024444929,22:59:58
La scena in cui Harry ed Hermione ballano √® di una tenerezza infinita secondo me #harrypottereidonidellamorte #harrypotter,1247267658380255233,22:59:17
L' inizio di #harrypottereidonidellamorte mi spezza sempre in due,1247242910774558725,21:20:57
Questa scena completamente inventata ma veramente perfetta per rappresentare loro amicizia ü§ßü§ß #harrypottereidonidellamorte,1247267028307783688,22:56:47
STA CAZZO DE PUBBLICIT√Ä #harrypottereidonidellamorte pictwittercom/mUWyEjJUUA,1247276964131586048,23:36:16
Ho sempre trovato piuttosto fastidioso Dobby ma porca miseria tutte le volte questa scena mi ammazza e piango tutte le lacrime che ho in corpo #harrypottereidonidellamorte pictwittercom/PvnavvuJx2,1247281780459216896,23:55:24
Bellissima questa scena #harrypottereidonidellamorte,1247271780273790981,23:15:40
Rita Skeeter parassita come al solito #harrypottereidonidellamorte,1247251526344679424,21:55:11
Dov' √® George come fosse un Bugo qualsiasi #harrypottereidonidellamorte pictwittercom/nZ28Lv09pL,1247247737248272385,21:40:07
La morte di Dobby non la superer√≤ mai Mai Mai ‚ù§Ô∏è #HarryPotter #harrypottereidonidellamorte,1247281113858531330,23:52:45
Ma che cazzo vi devo dire io #HarryPotter #harrypottereidonidellamorte pictwittercom/7BQE9QO57b,1247261678204485638,22:35:31
"HARRY CHE NON DISARMA DRACO MA GLI RUBA , R U B A , LA BACCHETTA DALLE MANI COSA VEDO MA COS√å SFANCULATE TUTTO Ogni volta vedo particolari sbagliati nuovi , AL ROGO #harrypottereidonidellamorte",1247280784630788099,23:51:27
Comunque la Rawling √® una donna spietata #harrypottereidonidellamorte,1247264172678828034,22:45:26
Bellatrix ti odio cos√¨ tanto #harrypottereidonidellamorte,1247280778867810305,23:51:25
"Facendo due conti , in questo film Lucius viene umiliato ad ogni starnuto di Voldemort lol #HarryPotter #harrypottereidonidellamorte",1247244122982879237,21:25:46
Mi sentite piangere ? Sono la cosa pi√π bella che io abbia mai visto #harrypottereidonidellamorte #harrypotter pictwittercom/aA72z7ouyY,1247254921273061379,22:08:40
"Mondungus , se gi√† fortunato che non t' han chiesto l' autocertificazione #HarryPotter #HarryPotterEIDoniDellaMorte",1247255462657097729,22:10:49
Draco del mio cuore #harrypottereidonidellamorte,1247278804436951045,23:43:34
ma ci pensate mai a luna che dipinge i volti delle cinque persone a cui vuole pi√π bene sul soffitto della sua stanza circondati dalla una parola ripetuta un migliaio di volte :  amici  ? ? ? perch√© io si e lo trovo adorabile #HarryPotter #harrypottereidonidellamorte,1247274700675461122,23:27:16
Finalmente posso dirlo :  IL MIO FILM DELLA SAGA PREFERITO #HarryPotter #harrypottereidonidellamorte,1247242291896561665,21:18:29
Oddio sta scena di Ginny e Harry un secondo vado a vomitare #harrypottereidonidellamorte #HarryPotter pictwittercom/HWAf9snY57,1247249767199059968,21:48:11
Che piacere vederti dolores-ti-odio-troppo humbridge ! #HarryPotter #harrypottereidonidellamorte,1247257294481620993,22:18:06
E ripartiamo con la sofferenza #HarryPotter #harrypottereidonidellamorte,1247279391824117762,23:45:54
DOLORES BRUTTA STRONZA NON DIRE BUGIE #harrypottereidonidellamorte,1247260246122344448,22:29:50
MINUS DI MERDA #harrypottereidonidellamorte,1247279559881482241,23:46:35
Remus e Tonks e sono gi√† in una valle di lacrime #HarryPotter #harrypottereidonidellamorte,1247245336235606018,21:30:35
"Il Modo in cui nel libro vengono descritte le grida di Hermione mentre Bellatrix la tortura √® straziante , ti lacera dentro Quando rileggo il libro salto quella parte e non la rivedo nel film da quando l' ho visto al cinema credo #HarryPotter #harrypottereidonidellamorte",1247278301103771648,23:41:34
E vogliamo parlare di Ron che ringrazia Hermione perch√© lo abbraccia ? La dolcezza proprio üíõ #Romione #harrypottereidonidellamorte,1247247795435773954,21:40:21
Piton fa avanti e indietro nell' ufficio perche sta parlando con il quadro di Silente #harrypottereidonidellamorte,1247270841760583681,23:11:56
Per la morte di Edvige ci rimango sempre malissimo #HarryPotter #harrypottereidonidellamorte pictwittercom/daPEQ6lOZh,1247246703318700039,21:36:01
RON SEI TUTTI NOI #harrypottereidonidellamorte,1247248131554770944,21:41:41
Non √® iniziato da neanche 5 minuti e gi√† piango OK #HarryPotter #harrypottereidonidellamorte,1247243171668639748,21:21:59
NO RAGA NON CE LA FACCIO TRA POCO PERDIAMO I PRIMI DUE DI UNA LUNGA LISTA IO STO MALE #harrypottereidonidellamorte pictwittercom/hoP6691ACS,1247245060963516417,21:29:29
"La voce di Kinglsey che dice ""  Il Ministero √® caduto ""  mi mette ogni volta i brividi #harrypottereidonidellamorte #HarryPotter",1247252207445200898,21:57:53
Al cinema ho pianto per questa cazzo di scena #harrypottereidonidellamorte,1247246457561927680,21:35:02
Gli strilli di Hermione mi uccidono ogni volta #HarryPotter #harrypottereidonidellamorte,1247253786592149505,22:04:10
RAGA CHE ANSIA QUESTA SCENA QUANDO HARRY VA A PRENDERE LA SPADA #HarryPotter #harrypottereidonidellamorte pictwittercom/1PPP3cFijW,1247272001741434887,23:16:33
"Ron manca all‚Äô appello dei sopravvissuti ed Hermione , terrorizzata , entra in panico Poi per√≤ lo vede e gli corre incontro per stringerlo tra le sue braccia ‚Äú Grazie‚Äù  ü•∫üî• #HarryPotter #HarryPotterEIDoniDellaMorte #Romione ‚ö°Ô∏è pictwittercom/D9I4CVnVrl",1247247481638998017,21:39:07
Il vero colpevole qui √® SILENTE CHE HA DATO LA MET√Ä DELLE INFORMAZIONI NECESSARIE altro che Harry o Ron #harrypottereidonidellamorte,1247266624454959110,22:55:11
"cio√® pu√≤ morire qualsiasi personaggio e me ne frego , ma dobby no #harrypottereidonidellamorte",1247281229495447552,23:53:13
"Harry e Ginny nei libri  :  rapporto che si trasforma da amicizia in amore , bellissimi , si capisce come e perch√© siano finiti in insieme e perch√© sono perfetti Harry e Ginny nei film  :  Si allacciano cose a vicenda  #HarryPotter #harrypottereidonidellamorte pictwittercom/DqU2K7sRGf",1247249856915222529,21:48:33
Rupert Grint sempre pi√π bono comunque #harrypottereidonidellamorte,1247249825432842240,21:48:25
"Tra tutte le morti , quella di Dobby rimarr√† sempre la pi√π struggente #harrypottereidonidellamorte",1247281377394987009,23:53:48
Muoiono tutti ma la UMBRIDGE NO ! ? ? ! ? #harrypottereidonidellamorte pictwittercom/hggrQh7aTd,1247257882980122631,22:20:26
"Sta arrivando QUESTA scena ,il mio cuore sta collassando #harrypottereidonidellamorte pictwittercom/vCYbWY1wJB",1247278527654879235,23:42:28
"la scena del cimitero mi distrugge ogni volta raga , il supporto di hermione e harry che piange e io appresso a lui #harrypottereidonidellamorte",1247268995432095745,23:04:36
PORCA EVA QUANDO MI STA SUL CAZZO BELLATRIX SPERO CHE FINISCA MALE #harrypottereidonidellamorte,1247279411105345536,23:45:59
"Ron lo capisco Vive in costante ansia nella paura che succeda qualcosa ai suoi familiari e l' Horcrux ha solo aumentato quei sentimenti negativi Ma quella scena ha spezzato me , non oso immaginare cosa hanno provato Hermione ed Harry #HarryPotter #harrypottereidonidellamorte",1247271534055567360,23:14:41
Ma Ron non poteva semplicemente morire ? Io boh #harrypottereidonidellamorte,1247262221429866499,22:37:41
la storyline dei tre fratelli e dei doni della morte semplicemente meravigliosa #harrypottereidonidellamorte pictwittercom/CE6YmtxlLC,1247276390426251267,23:33:59
"va bene , sono in lacrime ora :  siete contenti ? #harrypottereidonidellamorte",1247271877367738371,23:16:03
Mi apro alla chiusura RESTA SEMPRE UNA FRASE BELLISSIMA CHE MI FA VENIRE I BRIVIDI #harrypottereidonidellamorte #HarryPotter,1247267345543892994,22:58:02
QUESTA SCENA LA ODIO BASTA CANCELLATELA #harrypottereidonidellamorte,1247272797275131907,23:19:42
Quella di Dobby √® la perdita pi√π dolorosa di tutta la saga #harrypottereidonidellamorte pictwittercom/wt8OLDV1WB,1247281207844446211,23:53:07
l‚Äô Oblivion √® un incantesimo che mi spacca il cuore #harrypottereidonidellamorte,1247243641313275911,21:23:51
"No comunque ci sono troppe pubblicit√† , io cos√¨ non me lo godo il film ehgrazie Mediaset  : | #harrypottereidonidellamorte pictwittercom/OJSFAV5zfu",1247271032433651712,23:12:41
Che noia sta parte lunghissima oh #harrypottereidonidellamorte,1247263438688190465,22:42:31
Ma Harry Potter √® sul Tagliamento ? #harrypottereidonidellamorte,1247266245902286854,22:53:40
Una delle cose pi√π belle √® l' amicizia tra Harry e Hermione‚ù§Ô∏è #HarryPotter #harrypottereidonidellamorte pictwittercom/xMpsvZGgjD,1247268192902434816,23:01:24
Bill e Fleur ADOROOO #HarryPotter #harrypottereidonidellamorte pictwittercom/xLyuHtnSOX,1247244962640601090,21:29:06
Gi√† sta in tendenza adoro #harrypottereidonidellamorte,1247198219379015681,18:23:21
"Che dolore questa scena Anche se dopo tanti anni fatico a non dare un po'  di ragione a Ron , eh #HarryPotter #harrypottereidonidellamorte",1247266277883854849,22:53:48
vogliamo parlare di questa scena giusto un secondo ? Severus abbassa la bacchetta per un attimo perch√© NON vuole ferire Minerva o gli altri studenti ma poi guardate il suo sguardo dopo che lei lo attaccasi pu√≤ notare la tristezza #HarryPotter #harrypottereidonidellamorte pictwittercom/Ag7vCInBKp,1247138051031212032,14:24:16
ACCIO MEDAGLIONE AHAHAHHAHAHAHA MI FA RIDERE TROPPO SCUSATE #harrypottereidonidellamorte,1247258876363374593,22:24:23
mi fa molta tristezza che non facciano vedere la camera di luna con il soffitto stupendo #HarryPotter #harrypottereidonidellamorte,1247276544629837827,23:34:36
Quella voglia irrefrenabile di passare sopra Dolores Umbridge con un carro armato #HarryPotter #harrypottereidonidellamorte,1247259706822926342,22:27:41
Harry Potter non √® nulla in confronto a Conte #harrypottereidonidellamorte,1247278708479721478,23:43:12
mamma mia un dolore lancinante al cuore #harrypotter #harrypottereidonidellamorte,1247281038277201927,23:52:27
questa intro molto cupa non promette bene #harrypottereidonidellamorte,1247242927895711744,21:21:01
mi fa troppo ridere harry che prova a fare accio per qualsiasi cosa #harrypottereidonidellamorte,1247271935215616001,23:16:17
Vecchia baldracca in rosa Dovevano ucciderti i centauri #harrypottereidonidellamorte,1247254682231353345,22:07:43
Io la morte di Dobby non la superer√≤ MAI M A I m a i nella vita MAI #harrypottereidonidellamorte pictwittercom/zXrHoJKHWF,1247280800917262339,23:51:30
Seriamente avevo 9-10 anni e piansi come una disperata leggendo di ogni singola morte e son cose che ti segnano nel momento in cui gli unici amici che hai al momento sono i personaggi di quel libro #HarryPotter #harrypottereidonidellamorte https : //twittercom/Phiodem/status/1247263621350076423¬†‚Ä¶,1247267197749166082,22:57:27
RAGA LA UMBRIDGE LA ODIO PI√ô DELLA BIOCHIMICAAAAA E ce ne vuole #harrypottereidonidellamorte #HarryPotter,1247258385382326272,22:22:26
Le immagini della fuga in giro per l' Inghilterra sono spettacolari Una fotografia da capolavoro #HarryPottereidonidellamorte,1247262789942607882,22:39:56
sono contentissima che abbiano inserito questa scena nel film nonostante non ci sia nel libro e boh mi viene un pochino da piangere se penso a quanto siano cresciuti #harrypottereidonidellamorte pictwittercom/Mb1wmBTgw0,1247267001044697095,22:56:40
"Dopo un quarto d' ora siamo gi√† a tre , mad√≤ che devasto , ma il peggio deve ancora venire #HarryPotter #harrypottereidonidellamorte",1247247724308828161,21:40:04
Edvige che muore per salvare la vita ad Harry *primo piantino gi√† fatto  #harrypottereidonidellamorte #HarryPotter pictwittercom/7kOZo9EJJS,1247246592471638016,21:35:35
Io sempre in lacrime #harrypottereidonidellamorte,1247281235732373506,23:53:14
"Tutti noi in quarantena esauriti come Harry Ron Hermione in quella tenda a destra e a manca per mesi , con l‚Äô Horcrux #harrypottereidonidellamorte",1247267626201513989,22:59:09
Il mio cuore non sar√† mai in grado di sopportare tutto questo #harrypottereidonidellamorte #HarryPotter pictwittercom/kKaxVFXEgz,1247271438832349185,23:14:18
harry in questo film √® un bono della madonna #harrypottereidonidellamorte,1247273782642970624,23:23:37
La Rowling ha detto di aver ucciso Edvige per segnare la fine dell‚Äô infanzia di Harry #HarryPotter #harrypottereidonidellamorte,1247246411869102080,21:34:51
Io che piango ad ogni pi√® sospinto guardando I doni della Morte #harrypottereidonidellamorte,1247247579445964802,21:39:30
"‚ö†Ô∏è+CURIOSIT√Ä+‚ö†Ô∏è Uno dei Mangiamorte , quello contro cui Harry usa un expelliarmus e non un incantesimo pi√π pericoloso , √® Stan Picchetto , che era finito ad Azkaban l‚Äô anno precedente e che Harry aveva pi√π volte difeso #HarryPotter #harrypottereidonidellamorte pictwittercom/xuhj5JOI0S",1247251616585207809,21:55:32
Questi che organizzano un matrimonio in 150 mentre in giro ci sono i mangiamorte sono come quelli che in sto periodo si fanno la corsette sui navigli #harrypottereidonidellamorte,1247251580765822976,21:55:24
Leggendo della morte di Edvige ricordo di aver pianto copiosamente #harrypottereidonidellamorte,1247246539715678208,21:35:22
Questa scena mi SPEZZAAA #harrypottereidonidellamorte,1247273293570355210,23:21:41
Hermione ‚ù§Ô∏è Stasera lacrimoni e domani il fiume totale ! #harrypottereidonidellamorte pictwittercom/4cNglYbIFY,1247245522768928769,21:31:19
La cosa pi√π fastidiosa di questo film √® il cavolo di fischio continuo dell‚Äô Horcrux ! #harrypottereidonidellamorte,1247265467179335681,22:50:35
"Manco una tomba pu√≥ ""  morire ""  in pace VOLDEMORT TI ODIO #harrypottereidonidellamorte",1247281641036316680,23:54:51
L‚Äô animazione della storia dei tre fratelli √® meravigliosa Poetica #harrypottereidonidellamorte,1247275653013045249,23:31:03
"Certi passaggi sono stati resi un po'  troppo lenti Yates purtroppo ha questo tipo di regia , tagli ignoranti e momenti di crisi nella trama #HarryPottereidonidellamorte",1247250760917823488,21:52:08
"La colonna sonora , sto gi√† piangendo tutte le mie lacrime #HarryPottereidonidellamorte",1247242916566839296,21:20:58
"Scena inesistente nei libri , ma √® una delle mie preferite ‚ô•Ô∏è #harrypottereidonidellamorte #HarryPotter pictwittercom/bW13gc3o0d",1247267801800282117,22:59:51
Sono molto felice che il personaggio di Fleur non sia stato abbandonato dopo Il torneo perch√© era la mia prefe #harrypottereidonidellamorte,1247247284565430273,21:38:20
L' avete mai notato che i primi film della saga hanno i colori che fanno venire felicit√† e la sensazione di stare a casa mentre quelli finali ti fanno piangere e ti fanno rabbrividire allo stesso tempo ? #HarryPotter #harrypottereidonidellamorte pictwittercom/wHheVH5FcT,1247248807202623493,21:44:23
La mia voglia di abbracciare Hermione sempre pi√∫ grande #harrypottereidonidellamorte pictwittercom/KmOr5NmHZB,1247262710284378115,22:39:37
Dobbysto piangendola scena pi√π straziante di tutte #harrypottereidonidellamorte pictwittercom/nMih6eeRjS,1247281148537057280,23:52:53
Nooo la civetta #harrypottereidonidellamorte,1247246428864471041,21:34:56
"MA QUANTO C4ZZO MI FA PAURA BATHILDA BATH ? ! ? ! ? MAMMA MIA NON SO VOI MA IO NE HO IL TERRORE DA SEMPRE COME MI TERRORIZZA LEI , NESSUNO  #harrypottereidonidellamorte #HarryPotter",1247268425199767555,23:02:20
Raga che imbarazzo queste scene tra harry e Ginny che imbarazzoo #harrypottereidonidellamorte,1247249924716220416,21:48:49
"quindi ricapitolando Il libro infilzato con un dente di basilisco , l‚Äô anello ci ha pensato Silente anche se gli √® costato caro , il medaglione distrutto da Ron - 3 #harrypottereidonidellamorte #HarryPotter pictwittercom/JZeEZ3KJqj",1247273727257120775,23:23:24
Adoro il racconto dei tre fratelli #harrypottereidonidellamorte,1247274961753886721,23:28:18
mi trema tutto #harrypottereidonidellamorte pictwittercom/yzWOMqaHH1,1247278835491536897,23:43:42
Adoro il personaggio della Umbridge Una delle cattive pi√π affascinanti dell' ultimo secolo #harrypottereidonidellamorte,1247257146829520896,22:17:31
"Sta scena di Hermione non la reggo , soffro per lei e Ron che non pu√≤ far nulla #HarryPotter #harrypottereidonidellamorte",1247279679876280323,23:47:03
"Gerald Grindelwald e qui abbiamo il nesso del film pi√π esplicito con ""  Animali Fantastici e dove trovarli ""   #harrypottereidonidellamorte",1247270460787757057,23:10:25
BELLATRIX SEI ZOCCOLA COME SEMPREEEEE #harrypottereidonidellamorte,1247280445676544002,23:50:06
"Addio piccola Edvige,che strazio anche la sua morte,ma perch√® porca puttanaaaaaaaa  #harrypottereidonidellamorte pictwittercom/tA97nskcQB",1247246481133842433,21:35:08
Dopo il saluto ai genitori e tutto un' ansia #harrypottereidonidellamorte,1247268779232497664,23:03:44
Io ho i brividi Amo questa scena So che nei libri non c‚Äô √® ma per me √® molto speciale #HarryPotter #HarryPotterEiDoniDellaMorte pictwittercom/txigG1DUUu,1247266833931083778,22:56:00
Che bella questa scena Evidenzia l' importanza di Hermione nel trio Che bella Hermione Che mostro di bravura Emma ‚ù§Ô∏è #harrypottereidonidellamorte pictwittercom/bT4SnL0j83,1247266974540926978,22:56:34
"Mio marito , il giocherellone A proposito , non sapete la novit√† Io e Remus Sono gi√† in una valle di lacrime Addio #HarryPotter #harrypottereidonidellamorte pictwittercom/a4LmctTEGi",1247245516213190662,21:31:18
COMUNQUE OGGI E SEMPRE :  CODALISCIA INFAME PER TE SOLO LE LAME #harrypottereidonidellamorte,1247243727300591618,21:24:11
Quando Ron abbandona la barca √® sempre un colpo al cuore Io temevo interrompessero il film qui #harrypottereidonidellamorte,1247266411245899778,22:54:20
i ministri della magia nel mondo magico durano meno dei governi in Italia #harrypottereidonidellamorte,1247252041711472641,21:57:14
Preparo i fazzoletti per Dobby Il fatidico momento si sta avvicinando ! #HarryPotterEIDoniDellaMorte,1247276009981906946,23:32:28
"Bill non guardarmi , sono orenda Non importa quante volte abbia visto il film e letto il libro , questa scena mi far√† scompisciare sempre #HarryPotter #harrypottereidonidellamorte",1247245881616871425,21:32:45
Uno strazio vedere Ron cosi #HarryPotter #harrypottereidonidellamorte,1247260624805146624,22:31:20
I Malfoy stressati come noi in quarantena #HarryPotter #harrypottereidonidellamorte,1247280382757797889,23:49:51
Harry al matrimonio di Bill con le sue sembianze cose che mi fanno incazzare pt 2527252827 #harrypottereidonidellamorte,1247251555952267266,21:55:18
la morte di Dobby √® una delle cose pi√π tristi che io abbia mai visto e chi dice di non aver pianto sta mentendo #harrypottereidonidellamorte,1247281645000044544,23:54:52
"Bella questa pubblicit√† Piersilvio , l' unica cosa che mi disturba un po'  √® qualche scena di Harry Potter ogni tanto , vedi tu se puoi fare qualcosa #harrypottereidonidellamorte",1247263333943828480,22:42:06
non so voi ma a me la scena del serpente fa venire sempre un infarto anche dopo tanti anni #HarryPotter #harrypottereidonidellamorte,1247269537847934978,23:06:45
Dopo #HarryPotter Italia 1 ci propone la saga di Twilight dalla cioccolata alla merda Esigiamo Il Signore Degli Anelli #harrypottereidonidellamorte,1247249806671720449,21:48:21
PIANGO TUTTE LE MIE LACRIME OGNI VOLTA BELLATRIX √à SOLO UNA BRUTTA STRONZA BASTARDA #harrypottereidonidellamorte,1247280930483572736,23:52:01
La professoressa morente che implora Severus mi strazia sempre non ce la faccio #harrypotter #harrypottereidonidellamorte,1247244405779677185,21:26:53
Ho i brividi ogni volta che sento la storia dei doni della morte #harrypottereidonidellamorte,1247275832630030336,23:31:46
Fred e George i maghi pi√π stilosi della storia #HarryPotter #harrypottereidonidellamorte,1247245716617076737,21:32:06
"Una delle tante cose che odio dei film √® il modo in cui hanno caratterizzato Ron √à sempre passato per l' imbecille del gruppo e poi improvvisamente diventa il pi√π intelligente negli ultimi due , dico io costava tanto renderlo pi√π simile al libro ? #harrypottereidonidellamorte",1247256288637210625,22:14:06
Ricordare al volo tutti gli horcrux √® un po'  come con i nomi dei sette nani :  me ne manca sempre almeno uno #HarryPotter #harrypottereidonidellamorte,1247249687809310724,21:47:53
"La morte di dobby √® forse la peggiore in assoluto , la cosa piu straziante della terra #harrypottereidonidellamorte",1247280847465648130,23:51:42
Traditore schifoso #harrypottereidonidellamorte,1247276707402432518,23:35:14
Hermione incazzata in sta scena √® bellissima #harrypottereidonidellamorte,1247273151698010121,23:21:07
"Il film √® stato editato con toni talmente cupi che sto guardando lo schermo praticamente nero da 1 ora e mezza , ma mi va bene lo stesso #harrypottereidonidellamorte",1247272552180916228,23:18:44
Passare da #HarryPotter a Twilight √® come passare da Miriam Leone a Malgioglio  #harrypottereidonidellamorte,1247249662169546754,21:47:46
Che meraviglia CHE MERAVIGLIA questa parte non smetter√† mai di essere stupenda #harrypottereidonidellamorte #HarryPotter,1247275914888728578,23:32:06
La morte di Edvige che segna la fine dell‚Äô infanzia di Harry Mai superata #HarryPotter #harrypottereidonidellamorte,1247249122438021120,21:45:38
La morte di Dobby √® uno dei momenti pi√π tristi della storia del cinema #harrypottereidonidellamorte,1247281313096388609,23:53:33
Questa volta Hermione non pu√≤ aiutare Harry Non pu√≤ farlo Questa scena mi uccide Dobby non lo meritava #harrypottereidonidellamorte,1247281373423054849,23:53:47
Remus e Tonks meritavano pi√π spazio #harrypottereidonidellamorte,1247245073731014656,21:29:32
gi√† piango #harrypottereidonidellamorte,1247248874898698245,21:44:39
No raga io qui cambio canale perch√© mi cago addosso ogni volta #HarryPotter #harrypottereidonidellamorte,1247268608948023299,23:03:04
C' √® un po'  di film in questa pubblicit√† #harrypottereidonidellamorte,1247263080205164545,22:41:06
"Iniziamo a piangere Edvige e Moody , fuori dai giochi #harrypottereidonidellamorte",1247247575759163394,21:39:29
